Uid,Year,Book No
VE42V876S8,2015,C1/4
VE42V876S8,2015,C1/4
VE42V876S8,2015,C1/4
0ERTICX48T,2013,C1/1
I446BJOKIA,2019,C2/1
39B7QPKX4U,1991,C2/2
MD7VLZWGYN,2002,C2/3
R39MR626OA,2015,C2/4
R39MR626OA,2015,C2/4
T6FGEU7M7J,1993,C2/6
5Q01BZ5SA10,1999,C2/7
2K10ANNNXO9,2005,C2/8
XIBZQ6LP10L,2006,C2/9
M21016HYTWD,1989,C2/10
3TJ910HIEI8,2004,C2/11
9BBYJKMR0P,2007,C2/12
XAO7QOMX0Q,1996,C3/1
R4XS53EV37,2017,C3/2
QXZN1POZJP,2006,C4/1
NM7J68OZS0,1996,C5/1
4JATJC4JFG,2020,C5/2
4JATJC4JFG,2020,C5/2
SKVWZS27E6,2020,C5/4
UD8VXKKFHL,2017,C5/5
HGX5KDYMZZ,2016,C6/1
E6BBSL6PHR,2017,C6/2
8G101U0LE47,2018,C6/3
8G101U0LE47,2018,C6/3
FY6DDAQX4L,2019,C6/5
10LUDWBRJZ7,2017,C6/6
8J0CQE1QX9,,C6/7
R1JAT9P10L3,2017,C6/8
RSOVHG5RQK,2020,C7/1
KTUHAUCLV2,2005,C7/2
RSOVHG5RQK,2020,C7/1
RSOVHG5RQK,2020,C7/1
RSOVHG5RQK,2020,C7/1
RSOVHG5RQK,2020,C7/1
4VT5QFKYJL,2017,C7/1
ZDHSTYTVBU,2023,C8/1
ZDHSTYTVBU,2023,C8/1
POKT8BOBLM,2005,C8/3
WI6OWLZVHL,2008,C8/4
J8SMQB4VC3,1993,C8/5
J8SMQB4VC3,1993,C8/5
J8SMQB4VC3,1993,C8/5
H3ZGJZD98Q,2005,C8/8
H3ZGJZD98Q,2005,C8/8
H3ZGJZD98Q,2005,C8/8
4QFJUZ810E,1964,C8/11
4QFJUZ810E,1964,C8/11
4QFJUZ810E,1964,C8/11
FYPUP025VE,1990,C9/1
L813PJFJFD,1992,C9/2
L813PJFJFD,1992,C9/2
L813PJFJFD,1992,C9/2
3STFP10PAD5,1996,C9/5
3XPSJ48TG0,2001,C9/6
REN67XGVAD,2023,C10/1
J4EQVPRMQK,2018,C/10/2
J4EQVPRMQK,2018,C/10/2
JN83LG19C9,1980,C10/4
QR692PJUHO,,C10/5
J4EQVPRMQK,2018,C/10/2
TPOL10BHY26,2019,C10/7
81YD7LL4CR,,C10/8
NITEHXN4AH,1969,C10/9
2A1A27G2VQ,2010,C11/1
2A1A27G2VQ,2010,C11/1
PIDPUZ70PA,2007,C11/3
TUI20VH127,2023,C11/4
CSE0447WAY,2002,C11/5
2A1A27G2VQ,2010,C11/1
K235KME2RL,1986,C11/7
2A1A27G2VQ,2010,C11/1
PCCLTE15NM,1995,C11/9
YIJVVQC8GL,2010,C11/10
KO2OPXXUEB,2003,C11/11
7LQC108VL88,,C11/12
7LQC108VL88,,C11/12
BX10MWWHNP,,C11/14
7LQC108VL88,,C11/12
G8C0VDPM45,2006,C11/16
PUU7FZGFG6,2010,C11/17
JZG10JS10DX,2013,C11/18
4P7AA5BEE9,,C11/19
7LQC108VL88,,C11/12
BQXGBQHDM0,2006,C12/1
BQXGBQHDM0,2006,C12/1
RKUL2SUESA,2017,C12/3
R10YQ0IW2HW,1992,C12/4
KI6810O2PGW,2016,C12/5
WCERMIKDHQ,,C12/6
I3L1IV9HKB,2012,C12/7
I3L1IV9HKB,2012,C12/7
VH247Y42IB,2013,C12/8
JPR4ZMU7YH,2010,C12/9
Z510V4BFXUK,2021,C12/10
IH3H8310Q19,1997,C12/11
4S2ED8UH4S,1995,C12/12
GV7LYM1M6U,2005,C12/13
GV7LYM1M6U,2005,C12/13
GV7LYM1M6U,2005,C12/13
HF7GIKPHKR,2004,C12/15
BHG62OUPCY,1974,C12/16
X52XG7PM1P,1986,C12/17
TYA3NG50S6,2016,C12/18
JU4FYH10SNT,2024,C12/19
108C0J0VV98,2024,C12/20
Y4G8OBXI5Y,2015,C12/21
Y4G8OBXI5Y,2015,C12/21
72FC8Y3N81,2021,C13/1
A7DL2DQJNI,2022,C13/2
A7DL2DQJNI,2022,C13/2
X261074NKQ5,2005,C13/4
A7DL2DQJNI,2022,C13/2
4KDJOQZUD6,2018,C13/6
KFV4KK6W1M,2024,C13/7
TE767M628H,2018,C13/8
81PJLAK5T6,2019,C13/9
81PJLAK5T6,2019,C13/9
BDJN340Y9S,,C14/1
I85PJTMSDG,2002,C14/2
8KUHWVD25U,2000,C15/1
X8WSLTZBE7,2011,C15/2
W3LVMSOJMK,2021,C15/3
ZHLQ6TBT03,2011,C16/1
I5W3ATG6BF,2019,C16/2
I5W3ATG6BF,2019,C16/2
I5W3ATG6BF,2019,C16/2
I5W3ATG6BF,2019,C16/2
I5W3ATG6BF,2019,C16/2
I5W3ATG6BF,2019,C16/2
I5W3ATG6BF,2019,C16/2
RG6SACPH10V,2004,C16/6
RG6SACPH10V,2004,C16/6
RG6SACPH10V,2004,C16/6
4ZTGOEPFHE,2022,C16/9
4ZTGOEPFHE,2022,C16/9
RG6SACPH10V,2004,C16/6
67BH107MFL10,2019,C17/1
RDBAYCAY70,1977,C17/2
ZAVE3GN7KS,2008,C17/3
CQSZF0QI92,2007,C17/4
1R101DTV5I5,2017,C17/5
2NDWZB7B0V,,C18/1
DAWUPY0078,1977,C18//2
FIU2ZCR59I,2015,C18/3
SCHWHMS54N,1992,C18/4
PHAZDS2ILN,,C18/5
EQQUWXYWEI,1987,C18/6
QWCI7V8Q9H,,C18/7
3LU61QSH2L,2015,C18/8
PTOQ810RIFL,,C18/9
8M6XQRW33C,2012,C18/10
Z10263ZC63C,1989,C18/11
XC105GL3K12,2006,C18/12
MUFJDL4T5D,,C18/13
C9PZS9IGNS,1997,C18/14
9XZ1VR84P9,1995,C18/15
X4WGIQVW82,1988,C18/16
X4WGIQVW82,1988,C18/16
X4WGIQVW82,1988,C18/16
E3T2K9GRYW,1999,C18/19
E3T2K9GRYW,1999,C18/19
2JQ2CK5EAD,,C18/21
1082Q4PLEEW,2019,C18/22
Q2RD7F48XR,2024,C18/23
T7P5810ZLZ7,2016,C18/24
71FWC8J4SY,,C19/1
JG2HU4IFIY,,C19/2
ZONLWL6BDI,2017,C19/3
Y4REK0M4A7,2003,C19/4
VA03D0M22S,,C19/5
BLIQ24J8DQ,2013,C19/6
E2UO1MAAAQ,2024,C19/7
2N95FAX965,2013,C19/8
3Q95EZ1010AZ,2013,C19/9
59SA69PTT3,2003,C19/10
9HIVJHOE1O,1995,C19/11
9NS10X9EYHY,2010,C19/12
1WI73210N8V,2021,C19/13
TZSIADOX2M,2015,C19/14
UPZJ714ZWN,2019,C19/15
ZONLWL6BDI,2017,C19/3
A4JPHBGFIB,2021,C19/17
H774T40I10M,,C19/18
ZJEOGNRBL3,1992,C19/19
ZJEOGNRBL3,1992,C19/19
RM510LSGC7H,2015,C19/21
BP69Q4OHW5,2015,C19/22
7S65CVAXIO,,C19/23
N9K93H7ZV6,1990,C19/24
FIU2ZCR59I,2015,C18/3
ICYJTOOV8U,1992,C19/25
FIBC10IWXOE,1998,C19/26
K0C210P910IY,2014,C19/27
EUSSKQCN8D,2015,C19/28
FJH21VKH1V,2019,C19/29
0CCNGY6YKN,,C19/30
UPZJ714ZWN,2019,C19/15
H7I005HYGL,2012,C19/32
D6GEPB7ANE,2001,C19/33
U2M7K1VKQP,2003,C19/34
ZONLWL6BDI,2017,C19/3
ZONLWL6BDI,2017,C19/3
OC11H1N54I,,C19/37
G5ZV7B796Z,1997,C19/38
LP34VJ4UQR,2008,C20/1
58T728Y2YE,2013,C20/2
BOUQTLD10F6,1976,C20/3
COZX6N9ZJB,1982,C20/4
JIRXV5QJY3,1972,C20/5
N2CWDU5Y5G,2012,C20/6
KEIA764T8X,2004,C20/7
N2CWDU5Y5G,2012,C20/6
Z5FZ10WCYF6,2008,C20/9
YY10D3JJNZI,2016,C20/10
WNEA3QL6LH,2017,C20/11
YY10D3JJNZI,2016,C20/10
47VPH8Z18H,,C20/13
DI4CH105BB0,2003,C20/14
INNU7PLZNN,1990,C20/15
INNU7PLZNN,1990,C20/15
RIQ76C9AWD,1987,C20/17
XLD6MZLRCR,2005,
0Z0MS5N9VE,2012,C20/19
DI4CH105BB0,2003,C20/14
9Y109NK106TO,2015,C20/21
47VPH8Z18H,,C20/13
PSN0R4TDXE,2016,C20/23
YA4T9KF56Q,2023,C20/24
JQ1JIOMC6F,1999,C20/25
Q1F5YGMUMX,2016,C20/26
Q1F5YGMUMX,2016,C20/26
Q1F5YGMUMX,2016,C20/26
Q1F5YGMUMX,2016,C20/26
Q1F5YGMUMX,2016,C20/26
Q1F5YGMUMX,2016,C20/26
Q1F5YGMUMX,2016,C20/26
4Z107KW0Y4Z,2013,C20/33
6X7Z2610L6Y,2017,C20/34
S2WU7INEZC,2012,C21/1
S2WU7INEZC,2012,C21/1
CA5IWKYR7U,2022,C21/2
S2WU7INEZC,2012,C21/1
65Z4P1HSCO,2019,C21/4
K7CBWBZ465,,
XYU5S0M3TD,,
O8I137S59S,,
YYE65B7VGE,,
UJ2KXSGZ8A,,
1GA9VB9E0Y,,
LCHJU9510X,,
2AL4QTV14H,,
LXAKKYGR9J,,
LXAKKYGR9J,,
10RIT6LW2DL,,
RDT0KQI9HL,,
0PATAEFL3M,,
0PATAEFL3M,,
W9X5JLE924,,
W9X5JLE924,,
8M3LDBJF7L,,
HFL1YGQ8W2,1997,C22/13
G4SUOOVC4H,2017,C22/14
83L5QSADUB,2014,C22/15
83L5QSADUB,2014,C22/15
02S3UQIRV10,2017,C22/16
I3I01PU10XG,1999,C22/17
02S3UQIRV10,2017,C22/16
HFL1YGQ8W2,1997,C22/13
UL210689X5Q,1999,C22/20
TGV7EQJ8HH,1990,C22/21
TGV7EQJ8HH,1990,C22/21
8HSLSP4TEC,2016,C23/1
8HSLSP4TEC,2016,C23/1
8HSLSP4TEC,2016,C23/1
353DJIJZ17,1990,C23/3
NXM7A75E7H,2003,C23/4
NXM7A75E7H,2003,C23/4
8XBLEQ10CZ7,2006,C23/6
CPX0JT3OY3,1992,C23/7
C79V9N10ZU8,2021,C23/8
5IHTGSFPV6,,C23/9
TV4UK7QB9F,2013,C23/10
TV4UK7QB9F,2013,C23/10
CFBKMHSA4H,2017,C23/12
CFBKMHSA4H,2017,C23/12
CFBKMHSA4H,2017,C23/12
FNP8DXZ27L,2023,C23/15
FNP8DXZ27L,2023,C23/15
LZE0HE8S44,2016,C23/17
11GBI90IX8,2005,C24/1
83C8CUSYB5,2009,C24/2
I8V1OAG9ND,,C24/3
83C8CUSYB5,2009,C24/2
CFF1020FB56,2013,C25/1
COGP814PKW,2008,C25/2
11JQ9Y0I910,2003,C25/3
COGP814PKW,2008,C25/2
40LBJKA4GZ,2010,C25/5
40LBJKA4GZ,2010,C25/5
10IANMXVDG4,2011,C25/7
9UVX6UAVIR,2016,C25/8
BXI4I3BH3T,1995,C25/9
UJGLORDWKD,1993,C25/10
21B126I1U6,2013,C25/11
2TOIATC7JI,1992,C25/12
21B126I1U6,2013,C25/11
HJEPH3NXOG,2012,C25/14
YY1THAMVYU,2015,C25/15
9AD2FE7H10F,2002,C25/16
9AD2FE7H10F,2002,C25/16
9AD2FE7H10F,2002,C25/16
EMRGMP0Q7C,1995,C25/19
EMRGMP0Q7C,1995,C25/19
F7E4PXU6Y8,2001,C25/21
UJGLORDWKD,1993,C25/10
ET8JOOUKOO,2010,C26/1
EJO108JBX77,2016,C26/2
RBI4NH1W8P,2017,C26/3
2BZPBKKT76,2018,C26/4
EJO108JBX77,2016,C26/2
EJO108JBX77,2016,C26/2
ZLYN103OLI7,2002,C26/7
ZLYN103OLI7,2002,C26/7
2BZPBKKT76,2018,C26/4
2BZPBKKT76,2018,C26/4
P6Z10KD4PPO,2014,C26/11
2BZPBKKT76,2018,C26/4
JC8EN5D9BI,,C26/13
7MSTSK7EH6,2015,C27/1
1RJCZTJPAY,2012,C28/1
AAA10BP440L,2020,C28/2
QR2FDYBONE,2010,C28/3
3EHR2KMENG,2005,C28/4
CJB1J74D5A,2009,C28/5
YC3P062FJ5,1984,C28/6
YSNMBS04D8,2003,C28/7
KEPMO9ID52,1998-99,C28/8
QWB1KE100U4,2005-06,C28/9
QWB1KE100U4,2005-06,C28/9
QWB1KE100U4,2005-06,C28/9
KEPMO9ID52,1998-99,C28/8
KEPMO9ID52,1998-99,C28/8
FX55AR7VY10,2019-20,C28/14
AAA10BP440L,2020,C28/2
Y4PWDSORHS,1975,C28/16
O1T3FXGN5H,2017,C28/17
5UQWCH586E,2004,C29/1
10ODNS04HQ3,2001,C29/2
3J3KTWLI71,2012,C29A/1
0VQLK89LLL,2016,C30/1
0ZRFVW346A,2017,C30/2
IO10QYA210E,2003,C30/3
IO10QYA210E,2003,C30/3
IO10QYA210E,2003,C30/3
IO10QYA210E,2003,C30/3
79AM8SNFRS,,C30/7
QC920L2H92,1985,C30/8
QC920L2H92,1985,C30/8
QC920L2H92,1985,C30/8
QC920L2H92,1985,C30/8
WYFH5X64P2,1969,C30/11
0188Q5C130,1986,C31/1
0188Q5C130,1986,C31/1
JOC3YTL71Q,,C31/3
JX312TLWJ0,1967,C31/4
3BK10NMD3GH,2005,D1/1
HEC4L9QR5O,1992,
6K6DBBABE2,,
R39MR626OA,2015,C2/4
MD7VLZWGYN,,
Q4Q0Q85L5P,,
